game_id,Season,Week,game_date,away_team,home_team,bet_team,side,closing_odds,model_prob_raw,model_prob_adj,implied_prob,edge_raw,edge,books_used,actual_win,profit
2025_7_Falcons_49ers,2025,7,2025-10-19,Falcons,49ers,49ers,home,-120.0,0.7508515006187405,0.6686927185530624,0.5454545454545454,0.2053969551641951,0.123238173098517,11,1,0.8333333333333334
2025_2_Falcons_Vikings,2025,2,2025-09-14,Falcons,Vikings,Vikings,home,-165.0,0.8273624993430936,0.745474103379441,0.6226415094339622,0.2047209899091313,0.1228325939454787,11,0,-1.0
2024_14_Bears_49ers,2024,14,2024-12-08,Bears,49ers,49ers,home,-165.5,0.8262663830548392,0.7451006961229223,0.623352165725047,0.2029142173297922,0.1217485303978752,10,1,0.6042296072507553
2025_7_Eagles_Vikings,2025,7,2025-10-19,Eagles,Vikings,Eagles,away,-135.0,0.761968984561805,0.6869686247796362,0.574468085106383,0.1875008994554219,0.1125005396732531,11,1,0.7407407407407407
2024_12_Ravens_Chargers,2024,12,2024-11-25,Ravens,Chargers,Ravens,away,-149.0,0.7818808794450104,0.7084859573858817,0.5983935742971888,0.1834873051478216,0.1100923830886929,10,1,0.6711409395973155
2025_9_Jaguars_Raiders,2025,9,2025-11-02,Jaguars,Raiders,Jaguars,away,-140.0,0.766230191500313,0.6930714482335212,0.5833333333333334,0.1828968581669796,0.1097381149001878,11,1,0.7142857142857143
2024_18_Bengals_Steelers,2024,18,2025-01-04,Bengals,Steelers,Bengals,away,-140.0,0.7629276409307634,0.6910899178917914,0.5833333333333334,0.17959430759743,0.107756584558458,10,1,0.7142857142857143
2025_9_49ers_Giants,2025,9,2025-11-02,49ers,Giants,49ers,away,-145.0,0.7697164627581828,0.6985645715324607,0.5918367346938775,0.1778797280643053,0.1067278368385831,11,1,0.6896551724137931
2025_14_Eagles_Chargers,2025,14,2025-12-08,Eagles,Chargers,Eagles,away,-136.0,0.7539176599401425,0.6828590705403567,0.576271186440678,0.1776464734994645,0.1065878840996786,11,0,-1.0
2025_4_Colts_Rams,2025,4,2025-09-28,Colts,Rams,Rams,home,-190.0,0.8308895873549909,0.7606027179302359,0.6551724137931034,0.1757171735618874,0.1054303041371325,11,1,0.5263157894736842
2024_18_Texans_Titans,2024,18,2025-01-05,Texans,Titans,Titans,home,-130.0,0.7404692050575741,0.6703684795562835,0.5652173913043478,0.1752518137532263,0.1051510882519357,10,0,-1.0
2024_17_Falcons_Commanders,2024,17,2024-12-29,Falcons,Commanders,Commanders,home,-185.0,0.8227725173671436,0.7533126332273037,0.6491228070175439,0.1736497103495997,0.1041898262097598,10,1,0.5405405405405406
2024_17_Chiefs_Steelers,2024,17,2024-12-25,Chiefs,Steelers,Chiefs,away,-143.5,0.7573870686626517,0.690161193969665,0.5893223819301848,0.1680646867324668,0.1008388120394802,10,1,0.6968641114982579
2025_12_Eagles_Cowboys,2025,12,2025-11-23,Eagles,Cowboys,Eagles,away,-162.0,0.7804389909225206,0.7155916388283214,0.6183206106870229,0.1621183802354976,0.0972710281412985,11,0,-1.0
2024_7_Eagles_Giants,2024,7,2024-10-20,Eagles,Giants,Eagles,away,-163.5,0.7798996208384377,0.716137115956573,0.6204933586337761,0.1594062622046616,0.0956437573227969,10,1,0.6116207951070336
2024_18_Giants_Eagles,2024,18,2025-01-05,Giants,Eagles,Eagles,home,-140.0,0.7426960798175002,0.6789509812238335,0.5833333333333334,0.1593627464841668,0.0956176478905,10,1,0.7142857142857143
2024_1_Panthers_Saints,2024,1,2024-09-08,Panthers,Saints,Saints,home,-191.0,0.8145467460170586,0.7512710029366956,0.6563573883161512,0.1581893577009073,0.0949136146205443,10,1,0.5235602094240838
2024_8_Bills_Seahawks,2024,8,2024-10-27,Bills,Seahawks,Bills,away,-160.0,0.7732615791658232,0.7101107936533401,0.6153846153846154,0.1578769637812077,0.0947261782687246,10,1,0.625
2025_2_Broncos_Colts,2025,2,2025-09-14,Broncos,Colts,Broncos,away,-120.0,0.7026161686291715,0.6397515193593211,0.5454545454545454,0.1571616231746261,0.0942969739047756,11,0,-1.0
2025_3_Rams_Eagles,2025,3,2025-09-21,Rams,Eagles,Eagles,home,-198.0,0.8181683199543682,0.7566728040531578,0.6644295302013423,0.1537387897530259,0.0922432738518155,11,1,0.5050505050505051
2025_4_Panthers_Patriots,2025,4,2025-09-28,Panthers,Patriots,Patriots,home,-245.0,0.8625309753151983,0.8015765562036117,0.7101449275362319,0.1523860477789663,0.0914316286673797,11,1,0.4081632653061224
2024_15_Packers_Seahawks,2024,15,2024-12-15,Packers,Seahawks,Packers,away,-143.5,0.7409840966386406,0.6803194107552584,0.5893223819301848,0.1516617147084558,0.0909970288250735,10,1,0.6968641114982579
2024_18_Jaguars_Colts,2024,18,2025-01-05,Jaguars,Colts,Colts,home,-190.0,0.805451080199592,0.7453396136369965,0.6551724137931034,0.1502786664064885,0.0901671998438931,10,1,0.5263157894736842
2025_6_Cowboys_Panthers,2025,6,2025-10-12,Cowboys,Panthers,Cowboys,away,-160.0,0.7654815233511681,0.705442760164547,0.6153846153846154,0.1500969079665527,0.0900581447799315,11,0,-1.0
2024_6_Bills_Jets,2024,6,2024-10-14,Bills,Jets,Bills,away,-119.0,0.6907473106951285,0.6317999845905931,0.54337899543379,0.1473683152613385,0.088420989156803,10,1,0.8403361344537815
2025_4_Jaguars_49ers,2025,4,2025-09-28,Jaguars,49ers,49ers,home,-175.0,0.7831284253881514,0.7244225097783454,0.6363636363636364,0.146764789024515,0.088058873414709,11,0,-1.0
2025_14_Dolphins_Jets,2025,14,2025-12-07,Dolphins,Jets,Dolphins,away,-145.0,0.7368515545174992,0.6788456265880505,0.5918367346938775,0.1450148198236216,0.0870088918941729,11,0,-1.0
2025_5_Broncos_Eagles,2025,5,2025-10-05,Broncos,Eagles,Eagles,home,-225.0,0.8353958307068257,0.7781605753471723,0.6923076923076923,0.1430881383991333,0.08585288303948,11,0,-1.0
2024_3_Lions_Cardinals,2024,3,2024-09-22,Lions,Cardinals,Lions,away,-155.0,0.7508573965165304,0.693651692811879,0.6078431372549019,0.1430142592616284,0.085808555556977,10,1,0.6451612903225806
2025_14_Texans_Chiefs,2025,14,2025-12-07,Texans,Chiefs,Chiefs,home,-210.0,0.8179610773508917,0.7617443883460189,0.6774193548387096,0.1405417225121821,0.0843250335073092,11,0,-1.0
2025_8_Packers_Steelers,2025,8,2025-10-26,Packers,Steelers,Packers,away,-155.0,0.7480250685916435,0.6919522960569469,0.6078431372549019,0.1401819313367416,0.0841091588020449,11,1,0.6451612903225806
2024_2_Steelers_Broncos,2024,2,2024-09-15,Steelers,Broncos,Steelers,away,-150.0,0.7396819835502368,0.6838091901301421,0.6,0.1396819835502368,0.0838091901301421,10,1,0.6666666666666666
2024_12_Eagles_Rams,2024,12,2024-11-24,Eagles,Rams,Eagles,away,-152.5,0.7421620134048525,0.6868813664587531,0.6039603960396039,0.1382016173652486,0.0829209704191491,10,1,0.6557377049180327
2025_2_Jaguars_Bengals,2025,2,2025-09-14,Jaguars,Bengals,Bengals,home,-190.0,0.7929573601326437,0.7378433815968276,0.6551724137931034,0.1377849463395403,0.0826709678037241,11,1,0.5263157894736842
2025_16_Chiefs_Titans,2025,16,2025-12-21,Chiefs,Titans,Chiefs,away,-170.0,0.7669388661241014,0.7120151715263128,0.6296296296296297,0.1373092364944718,0.0823855418966831,11,0,-1.0
2024_15_Steelers_Eagles,2024,15,2024-12-15,Steelers,Eagles,Eagles,home,-250.0,0.8513722797749825,0.7965376535792752,0.7142857142857143,0.1370865654892682,0.0822519392935609,10,1,0.4
2025_17_Saints_Titans,2025,17,2025-12-28,Saints,Titans,Saints,away,-125.0,0.6911298315028623,0.6369001211239397,0.5555555555555556,0.1355742759473067,0.0813445655683841,11,0,-1.0
2024_8_Cowboys_49ers,2024,8,2024-10-27,Cowboys,49ers,49ers,home,-229.0,0.831010170413929,0.7770255551358953,0.6960486322188449,0.134961538195084,0.0809769229170503,10,1,0.4366812227074236
2025_15_Falcons_Buccaneers,2025,15,2025-12-11,Falcons,Buccaneers,Buccaneers,home,-250.0,0.8491881035794087,0.7952271478619308,0.7142857142857143,0.1349023892936943,0.0809414335762165,11,0,-1.0
2024_5_Saints_Chiefs,2024,5,2024-10-07,Saints,Chiefs,Chiefs,home,-242.5,0.8428705824435224,0.7889340282982302,0.708029197080292,0.1348413853632304,0.0809048312179382,10,1,0.4123711340206185
2024_13_Cardinals_Vikings,2024,13,2024-12-01,Cardinals,Vikings,Vikings,home,-174.0,0.7693131723511412,0.7156025019508307,0.635036496350365,0.1342766760007762,0.0805660056004657,10,1,0.5747126436781609
2024_16_Rams_Jets,2024,16,2024-12-22,Rams,Jets,Rams,away,-161.0,0.7501974754584007,0.6968617802941974,0.6168582375478927,0.1333392379105079,0.0800035427463047,10,1,0.6211180124223602
2025_8_Bears_Ravens,2025,8,2025-10-26,Bears,Ravens,Ravens,home,-148.0,0.7300722080990937,0.6767530022788111,0.5967741935483871,0.1332980145507065,0.0799788087304239,11,1,0.6756756756756757
2025_13_Bills_Steelers,2025,13,2025-11-30,Bills,Steelers,Bills,away,-170.0,0.7610520743730779,0.7084830964756985,0.6296296296296297,0.1314224447434482,0.0788534668460688,11,0,-1.0
2024_19_Packers_Eagles,2024,19,2025-01-12,Packers,Eagles,Eagles,home,-260.0,0.8530993923055802,0.800748524272237,0.7222222222222222,0.1308771700833579,0.0785263020500147,10,1,0.3846153846153846
2024_3_Chiefs_Falcons,2024,3,2024-09-22,Chiefs,Falcons,Chiefs,away,-163.5,0.7478266723230279,0.6968933468473272,0.6204933586337761,0.1273333136892518,0.0763999882135511,10,1,0.6116207951070336
2024_13_Colts_Patriots,2024,13,2024-12-01,Colts,Patriots,Colts,away,-140.0,0.7103742509729324,0.6595578839170928,0.5833333333333334,0.127040917639599,0.0762245505837594,10,1,0.7142857142857143
2025_2_49ers_Saints,2025,2,2025-09-14,49ers,Saints,49ers,away,-160.0,0.7417484265131586,0.6912029020617414,0.6153846153846154,0.1263638111285432,0.0758182866771259,11,1,0.625
2024_14_Chargers_Chiefs,2024,14,2024-12-08,Chargers,Chiefs,Chiefs,home,-210.0,0.8033719420752656,0.7529909071806432,0.6774193548387096,0.125952587236556,0.0755715523419335,10,1,0.4761904761904761
2025_9_Seahawks_Commanders,2025,9,2025-11-02,Seahawks,Commanders,Seahawks,away,-158.0,0.7374872176360181,0.6874535708916883,0.6124031007751938,0.1250841168608243,0.0750504701164945,11,1,0.6329113924050633
2025_1_Chiefs_Chargers,2025,1,2025-09-05,Chiefs,Chargers,Chiefs,away,-167.0,0.7500377790608899,0.700209933354137,0.6254681647940075,0.1245696142668824,0.0747417685601294,11,0,-1.0
2024_7_Dolphins_Colts,2024,7,2024-10-20,Dolphins,Colts,Colts,home,-155.0,0.7315877798008806,0.6820899227824891,0.6078431372549019,0.1237446425459787,0.0742467855275872,10,1,0.6451612903225806
2025_3_Raiders_Commanders,2025,3,2025-09-21,Raiders,Commanders,Commanders,home,-154.0,0.7295573627075667,0.6802541026639101,0.6062992125984252,0.1232581501091414,0.0739548900654848,11,1,0.6493506493506493
2024_6_Chargers_Broncos,2024,6,2024-10-13,Chargers,Broncos,Chargers,away,-155.0,0.7308921351642153,0.6816725360004899,0.6078431372549019,0.1230489979093133,0.073829398745588,10,1,0.6451612903225806
2025_7_Rams_Jaguars,2025,7,2025-10-19,Rams,Jaguars,Rams,away,-165.0,0.7443201477915193,0.6956486924484965,0.6226415094339622,0.1216786383575571,0.0730071830145342,11,1,0.6060606060606061
2025_1_Steelers_Jets,2025,1,2025-09-07,Steelers,Jets,Steelers,away,-164.0,0.7421773498948768,0.6937912584217746,0.6212121212121212,0.1209652286827556,0.0725791372096533,11,1,0.6097560975609756
2025_5_Chiefs_Jaguars,2025,5,2025-10-06,Chiefs,Jaguars,Chiefs,away,-200.0,0.786497047980173,0.7385648954547703,0.6666666666666666,0.1198303813135063,0.0718982287881037,11,0,-1.0
2024_3_Jaguars_Bills,2024,3,2024-09-23,Jaguars,Bills,Bills,home,-250.0,0.8339040220406226,0.7860566989386593,0.7142857142857143,0.1196183077549083,0.0717709846529449,10,1,0.4
2024_8_Packers_Jaguars,2024,8,2024-10-27,Packers,Jaguars,Packers,away,-190.0,0.7741701572203201,0.7265710598494335,0.6551724137931034,0.1189977434272167,0.07139864605633,10,1,0.5263157894736842
2024_6_Cardinals_Packers,2024,6,2024-10-13,Cardinals,Packers,Packers,home,-242.5,0.8260336417127648,0.7788318638597757,0.708029197080292,0.1180044446324728,0.0708026667794836,10,1,0.4123711340206185
2025_9_Falcons_Patriots,2025,9,2025-11-02,Falcons,Patriots,Patriots,home,-245.0,0.8275371185478902,0.7805802421432269,0.7101449275362319,0.1173921910116583,0.0704353146069949,11,1,0.4081632653061224
2024_6_49ers_Seahawks,2024,6,2024-10-10,49ers,Seahawks,49ers,away,-190.0,0.7714392850865102,0.7249325365691475,0.6551724137931034,0.1162668712934067,0.069760122776044,10,1,0.5263157894736842
2024_5_Packers_Rams,2024,5,2024-10-06,Packers,Rams,Packers,away,-165.0,0.7387614872845184,0.6923134961442959,0.6226415094339622,0.1161199778505561,0.0696719867103337,10,1,0.6060606060606061
2025_6_Seahawks_Jaguars,2025,6,2025-10-12,Seahawks,Jaguars,Jaguars,home,-105.0,0.6281991190091895,0.5817975201860015,0.5121951219512195,0.1160039970579699,0.0696023982347819,11,0,-1.0
2025_12_Colts_Chiefs,2025,12,2025-11-23,Colts,Chiefs,Chiefs,home,-190.0,0.7710395283335872,0.7246926825173937,0.6551724137931034,0.1158671145404838,0.0695202687242902,11,0,-1.0
2025_13_Chiefs_Cowboys,2025,13,2025-11-27,Chiefs,Cowboys,Chiefs,away,-185.0,0.7617819691407876,0.7167183042914901,0.6491228070175439,0.1126591621232436,0.0675954972739462,11,0,-1.0
2024_16_Titans_Colts,2024,16,2024-12-22,Titans,Colts,Colts,home,-198.5,0.7758539311989937,0.7315090086356442,0.6649916247906198,0.1108623064083739,0.0665173838450243,10,1,0.5037783375314862
2024_17_Dolphins_Browns,2024,17,2024-12-29,Dolphins,Browns,Dolphins,away,-180.0,0.7536928126823649,0.7093585447522761,0.6428571428571429,0.1108356698252219,0.0665014018951332,10,1,0.5555555555555556
2025_11_Cowboys_Raiders,2025,11,2025-11-17,Cowboys,Raiders,Cowboys,away,-190.0,0.7658684990803917,0.7215900649654764,0.6551724137931034,0.1106960852872882,0.0664176511723729,11,1,0.5263157894736842
2025_13_Texans_Colts,2025,13,2025-11-30,Texans,Colts,Colts,home,-162.0,0.7288121499410147,0.684615534239418,0.6183206106870229,0.1104915392539918,0.066294923552395,11,0,-1.0
2024_6_Bengals_Giants,2024,6,2024-10-13,Bengals,Giants,Bengals,away,-190.0,0.7654162838834051,0.7213187358472845,0.6551724137931034,0.1102438700903016,0.066146322054181,10,1,0.5263157894736842
2024_3_Texans_Vikings,2024,3,2024-09-22,Texans,Vikings,Texans,away,-127.0,0.6694551615205195,0.6254616431678184,0.5594713656387665,0.109983795881753,0.0659902775290518,10,0,-1.0
2024_4_Seahawks_Lions,2024,4,2024-09-30,Seahawks,Lions,Lions,home,-210.0,0.7870239874310844,0.7431821343941345,0.6774193548387096,0.1096046325923747,0.0657627795554248,10,1,0.4761904761904761
2024_6_Steelers_Raiders,2024,6,2024-10-13,Steelers,Raiders,Steelers,away,-176.5,0.7478945822038089,0.704071288201128,0.6383363471971067,0.1095582350067021,0.0657349410040212,10,1,0.56657223796034
2024_8_Colts_Texans,2024,8,2024-10-27,Colts,Texans,Texans,home,-234.5,0.8105459564511573,0.7667461089977496,0.7010463378176383,0.109499618633519,0.0656997711801113,10,1,0.4264392324093816
2024_1_Titans_Bears,2024,1,2024-09-08,Titans,Bears,Bears,home,-204.5,0.7797424194148257,0.7364825616653158,0.6715927750410509,0.1081496443737748,0.0648897866242649,10,1,0.4889975550122249
2024_5_Panthers_Bears,2024,5,2024-10-06,Panthers,Bears,Bears,home,-205.0,0.7796265710386173,0.7366284016395638,0.6721311475409836,0.1074954234976337,0.0644972540985802,10,1,0.4878048780487805
2024_6_Lions_Cowboys,2024,6,2024-10-13,Lions,Cowboys,Lions,away,-175.0,0.74315416532851,0.7004379537425606,0.6363636363636364,0.1067905289648736,0.0640743173789242,10,1,0.5714285714285714
2024_13_Dolphins_Packers,2024,13,2024-11-28,Dolphins,Packers,Packers,home,-180.0,0.7495564769313402,0.7068767433016613,0.6428571428571429,0.1066993340741973,0.0640196004445183,10,1,0.5555555555555556
2024_11_Rams_Patriots,2024,11,2024-11-17,Rams,Patriots,Rams,away,-206.5,0.7764676207831509,0.7353748628450945,0.6737357259380098,0.1027318948451411,0.0616391369070846,10,1,0.4842615012106537
2024_1_Raiders_Chargers,2024,1,2024-09-08,Raiders,Chargers,Chargers,home,-155.5,0.7098605906107321,0.6693605813723101,0.6086105675146771,0.101250023096055,0.060750013857633,10,1,0.6430868167202572
2024_10_Bills_Colts,2024,10,2024-11-10,Bills,Colts,Bills,away,-220.0,0.7877850513994713,0.7476710308396828,0.6875,0.1002850513994713,0.0601710308396827,10,1,0.4545454545454545
2025_11_Buccaneers_Bills,2025,11,2025-11-16,Buccaneers,Bills,Bills,home,-285.0,0.8405148025735274,0.8004127776480126,0.7402597402597403,0.1002550623137871,0.0601530373882722,11,1,0.3508771929824561
2025_6_Chargers_Dolphins,2025,6,2025-10-12,Chargers,Dolphins,Chargers,away,-200.0,0.7666984334727731,0.7266857267503305,0.6666666666666666,0.1000317668061064,0.0600190600836638,11,1,0.5
2025_3_Lions_Ravens,2025,3,2025-09-22,Lions,Ravens,Ravens,home,-234.0,0.7999321706855201,0.7601988233693959,0.7005988023952096,0.0993333682903105,0.0596000209741863,11,0,-1.0
2024_14_Falcons_Vikings,2024,14,2024-12-08,Falcons,Vikings,Vikings,home,-282.5,0.8363931555124409,0.7972607299087717,0.738562091503268,0.0978310640091728,0.0586986384055037,10,1,0.3539823008849557
2024_12_Cardinals_Seahawks,2024,12,2024-11-24,Cardinals,Seahawks,Seahawks,home,-112.0,0.6258618228051265,0.586837848400057,0.5283018867924528,0.0975599360126736,0.0585359616076042,7,1,0.8928571428571429
2025_1_Buccaneers_Falcons,2025,1,2025-09-07,Buccaneers,Falcons,Buccaneers,away,-110.0,0.6211183089291649,0.5821947948813084,0.5238095238095238,0.097308785119641,0.0583852710717845,11,1,0.9090909090909092
2024_15_Colts_Broncos,2024,15,2024-12-15,Colts,Broncos,Broncos,home,-215.0,0.7788358285917103,0.7403173701708992,0.6825396825396826,0.0962961460520277,0.0577776876312166,10,1,0.4651162790697674
2025_5_Vikings_Browns,2025,5,2025-10-05,Vikings,Browns,Vikings,away,-199.0,0.761401051344014,0.7230613665923615,0.6655518394648829,0.095849211879131,0.0575095271274785,11,1,0.5025125628140703
2025_10_Steelers_Chargers,2025,10,2025-11-09,Steelers,Chargers,Chargers,home,-150.0,0.695672327567569,0.6574033965405415,0.6,0.095672327567569,0.0574033965405414,11,1,0.6666666666666666
2024_15_Jets_Jaguars,2024,15,2024-12-15,Jets,Jaguars,Jets,away,-175.0,0.7308677371674173,0.6930660968459049,0.6363636363636364,0.0945041008037809,0.0567024604822685,10,1,0.5714285714285714
2024_13_Texans_Jaguars,2024,13,2024-12-01,Texans,Jaguars,Texans,away,-184.5,0.7426658235832756,0.7050019546069073,0.648506151142355,0.0941596724409206,0.0564958034645523,10,1,0.5420054200542005
2024_13_Titans_Commanders,2024,13,2024-12-01,Titans,Commanders,Commanders,home,-257.5,0.814242331901591,0.7766572872528428,0.7202797202797203,0.0939626116218707,0.0563775669731224,10,1,0.3883495145631068
2025_4_Eagles_Buccaneers,2025,4,2025-09-28,Eagles,Buccaneers,Eagles,away,-195.0,0.7542297591682561,0.7169446351619706,0.6610169491525424,0.0932128100157136,0.0559276860094282,11,1,0.5128205128205128
2024_16_Vikings_Seahawks,2024,16,2024-12-22,Vikings,Seahawks,Vikings,away,-137.0,0.6699600215633336,0.6331996416299832,0.5780590717299579,0.0919009498333757,0.0551405699000253,10,1,0.7299270072992701
2024_12_Vikings_Bears,2024,12,2024-11-24,Vikings,Bears,Vikings,away,-172.0,0.7239254832483337,0.6872964664195884,0.6323529411764706,0.0915725420718631,0.0549435252431178,10,1,0.5813953488372093
2024_4_Jaguars_Texans,2024,4,2024-09-29,Jaguars,Texans,Texans,home,-250.0,0.8056613187751409,0.7691110769793703,0.7142857142857143,0.0913756044894266,0.054825362693656,10,1,0.4
2024_11_Ravens_Steelers,2024,11,2024-11-17,Ravens,Steelers,Ravens,away,-175.0,0.7266353533589146,0.6905266665608033,0.6363636363636364,0.0902717169952782,0.0541630301971669,10,0,-1.0
2024_1_Jets_49ers,2024,1,2024-09-09,Jets,49ers,49ers,home,-210.0,0.7675934900149427,0.7315238359444494,0.6774193548387096,0.090174135176233,0.0541044811057397,10,1,0.4761904761904761
2025_14_Bears_Packers,2025,14,2025-12-07,Bears,Packers,Packers,home,-315.0,0.8482479839429403,0.8125632481970895,0.7590361445783133,0.089211839364627,0.0535271036187762,11,0,-1.0
2024_3_Dolphins_Seahawks,2024,3,2024-09-22,Dolphins,Seahawks,Seahawks,home,-202.5,0.7578463741812826,0.7224764195500919,0.6694214876033058,0.0884248865779768,0.0530549319467861,10,1,0.4938271604938271
2024_8_Vikings_Rams,2024,8,2024-10-24,Vikings,Rams,Vikings,away,-150.5,0.688948748660189,0.6536886104735584,0.6007984031936128,0.0881503454665761,0.0528902072799456,10,0,-1.0
2024_2_Seahawks_Patriots,2024,2,2024-09-15,Seahawks,Patriots,Seahawks,away,-167.5,0.7141789732119047,0.678974673646769,0.6261682242990654,0.0880107489128393,0.0528064493477036,10,1,0.5970149253731343
2025_7_Panthers_Jets,2025,7,2025-10-19,Panthers,Jets,Jets,home,-108.0,0.6070054667170589,0.5718955877225431,0.5192307692307693,0.0877746974862896,0.0526648184917738,11,0,-1.0
2025_2_Chargers_Raiders,2025,2,2025-09-15,Chargers,Raiders,Chargers,away,-190.0,0.7426871553903568,0.7076812587514555,0.6551724137931034,0.0875147415972533,0.052508844958352,11,1,0.5263157894736842
2025_15_Dolphins_Steelers,2025,15,2025-12-15,Dolphins,Steelers,Steelers,home,-176.0,0.7242222096838158,0.6896057895784053,0.6376811594202898,0.0865410502635259,0.0519246301581155,11,0,-1.0
2024_15_Chiefs_Browns,2024,15,2024-12-15,Chiefs,Browns,Chiefs,away,-235.0,0.7875664481084823,0.7531368837904625,0.7014925373134329,0.0860739107950494,0.0516443464770296,10,1,0.425531914893617
2024_4_Bengals_Panthers,2024,4,2024-09-29,Bengals,Panthers,Bengals,away,-225.0,0.7782571984568636,0.743877395997195,0.6923076923076923,0.0859495061491713,0.0515697036895027,10,1,0.4444444444444444
2024_9_Commanders_Giants,2024,9,2024-11-03,Commanders,Giants,Commanders,away,-210.0,0.7631919507267635,0.7288829123715419,0.6774193548387096,0.0857725958880538,0.0514635575328322,10,1,0.4761904761904761
2024_2_Bears_Texans,2024,2,2024-09-15,Bears,Texans,Texans,home,-270.0,0.8148537962524782,0.7808041696433788,0.7297297297297297,0.0851240665227485,0.0510744399136491,10,1,0.3703703703703703
2024_17_Titans_Jaguars,2024,17,2024-12-29,Titans,Jaguars,Jaguars,home,-113.0,0.615563072411041,0.5815444162165777,0.5305164319248826,0.0850466404861584,0.051027984291695,10,1,0.8849557522123894
2025_6_Bills_Falcons,2025,6,2025-10-13,Bills,Falcons,Bills,away,-205.0,0.7563693537242134,0.7226740712509214,0.6721311475409836,0.0842382061832298,0.0505429237099378,11,0,-1.0
2024_19_Chargers_Texans,2024,19,2025-01-11,Chargers,Texans,Chargers,away,-155.0,0.6916926998190818,0.6581528747934098,0.6078431372549019,0.0838495625641798,0.0503097375385078,10,0,-1.0
